<?xml version="1.0" encoding="UTF-8"?>
<project-private xmlns="http://www.netbeans.org/ns/project-private/1">
    <editor-bookmarks xmlns="http://www.netbeans.org/ns/editor-bookmarks/2" lastBookmarkId="1">
        <file>
            <url>src/addmin.java</url>
            <bookmark id="1">
                <name/>
                <line>129</line>
                <key/>
            </bookmark>
        </file>
    </editor-bookmarks>
    <open-files xmlns="http://www.netbeans.org/ns/projectui-open-files/2">
        <group>
            <file>file:/D:/Second%20Year/Second%20Term/OOP/Project/BG/Main%20Project%20oop/src/Inspector2.java</file>
            <file>file:/D:/Second%20Year/Second%20Term/OOP/Project/BG/Main%20Project%20oop/src/Edit_voilation_time.java</file>
            <file>file:/D:/Second%20Year/Second%20Term/OOP/Project/BG/Main%20Project%20oop/src/Addvol.java</file>
            <file>file:/D:/Second%20Year/Second%20Term/OOP/Project/BG/Main%20Project%20oop/src/add_voilation_validation.java</file>
            <file>file:/D:/Second%20Year/Second%20Term/OOP/Project/BG/Main%20Project%20oop/src/head.java</file>
            <file>file:/D:/Second%20Year/Second%20Term/OOP/Project/BG/Main%20Project%20oop/src/View_user.java</file>
            <file>file:/D:/Second%20Year/Second%20Term/OOP/Project/BG/Main%20Project%20oop/src/Deletevol.java</file>
            <file>file:/D:/Second%20Year/Second%20Term/OOP/Project/BG/Main%20Project%20oop/src/View.java</file>
            <file>file:/D:/Second%20Year/Second%20Term/OOP/Project/BG/Main%20Project%20oop/src/Login.java</file>
            <file>file:/D:/Second%20Year/Second%20Term/OOP/Project/BG/Main%20Project%20oop/src/Viewvol.java</file>
            <file>file:/D:/Second%20Year/Second%20Term/OOP/Project/BG/Main%20Project%20oop/src/Edit_Voilation_Validation.java</file>
            <file>file:/D:/Second%20Year/Second%20Term/OOP/Project/BG/Main%20Project%20oop/src/Voltime.java</file>
            <file>file:/D:/Second%20Year/Second%20Term/OOP/Project/BG/Main%20Project%20oop/src/hearing.java</file>
            <file>file:/D:/Second%20Year/Second%20Term/OOP/Project/BG/Main%20Project%20oop/src/Editvol.java</file>
            <file>file:/D:/Second%20Year/Second%20Term/OOP/Project/BG/Main%20Project%20oop/src/Add.java</file>
            <file>file:/D:/Second%20Year/Second%20Term/OOP/Project/BG/Main%20Project%20oop/src/admin.jpg</file>
            <file>file:/D:/Second%20Year/Second%20Term/OOP/Project/BG/Main%20Project%20oop/src/Gtk-go-back-ltr.png</file>
            <file>file:/D:/Second%20Year/Second%20Term/OOP/Project/BG/Main%20Project%20oop/src/Admin.java</file>
            <file>file:/D:/Second%20Year/Second%20Term/OOP/Project/BG/Main%20Project%20oop/src/Delete.java</file>
            <file>file:/D:/Second%20Year/Second%20Term/OOP/Project/BG/Main%20Project%20oop/src/images.jpg</file>
        </group>
    </open-files>
</project-private>
